{
  "0": {
    "indices": {
      "0": -0.5376884422110553,
      "1": 2.035175879396985
    }
  },
  "1": {
    "indices": {
      "0": -0.6180904522613065,
      "1": 1.1105527638190953
    }
  },
  "2": {
    "indices": {
      "0": -0.5577889447236181,
      "1": 2.1758793969849246
    }
  },
  "3": {
    "indices": {
      "0": -0.7185929648241206,
      "1": 1.7336683417085426
    }
  },
  "4": {
    "indices": {
      "0": -0.8391959798994975,
      "1": 1.07035175879397
    }
  },
  "5": {
    "indices": {
      "0": -0.5175879396984925,
      "1": 1.2110552763819098
    }
  },
  "6": {
    "indices": {
      "0": -0.4974874371859297,
      "1": 1.5326633165829144
    }
  },
  "7": {
    "indices": {
      "0": -0.5376884422110553,
      "1": 1.9346733668341707
    }
  },
  "8": {
    "indices": {
      "0": -0.5577889447236181,
      "1": 1.3517587939698492
    }
  },
  "9": {
    "indices": {
      "0": -0.5577889447236181,
      "1": 1.71356783919598
    }
  },
  "10": {
    "indices": {
      "0": -0.5175879396984925,
      "1": 2.1557788944723617
    }
  },
  "11": {
    "indices": {
      "0": -0.6582914572864322,
      "1": 1.492462311557789
    }
  },
  "12": {
    "indices": {
      "0": -0.5376884422110553,
      "1": 1.512562814070352
    }
  },
  "13": {
    "indices": {
      "0": -0.6381909547738693,
      "1": 1.3718592964824121
    }
  },
  "14": {
    "indices": {
      "0": -0.6180904522613065,
      "1": 1.271356783919598
    }
  },
  "15": {
    "indices": {
      "0": -0.4974874371859297,
      "1": 1.9748743718592965
    }
  },
  "16": {
    "indices": {
      "0": -0.5175879396984925,
      "1": 1.050251256281407
    }
  },
  "17": {
    "indices": {
      "0": -0.5577889447236181,
      "1": 2.2160804020100504
    }
  },
  "18": {
    "indices": {
      "0": -0.5376884422110553,
      "1": 1.9949748743718594
    }
  },
  "19": {
    "indices": {
      "0": -0.4974874371859297,
      "1": 1.5929648241206031
    }
  },
  "20": {
    "indices": {
      "0": -0.5577889447236181,
      "1": 2.3768844221105527
    }
  },
  "21": {
    "indices": {
      "0": -0.6984924623115578,
      "1": 1.8743718592964824
    }
  },
  "22": {
    "indices": {
      "0": -0.6180904522613065,
      "1": 2.0150753768844223
    }
  },
  "23": {
    "indices": {
      "0": -0.4974874371859297,
      "1": 1.7336683417085426
    }
  },
  "24": {
    "indices": {
      "0": -0.5175879396984925,
      "1": 2.35678391959799
    }
  },
  "25": {
    "indices": {
      "0": -0.7386934673366834,
      "1": 1.3718592964824121
    }
  },
  "26": {
    "indices": {
      "0": -0.5778894472361809,
      "1": 1.391959798994975
    }
  },
  "27": {
    "indices": {
      "0": -0.6783919597989949,
      "1": 1.170854271356784
    }
  },
  "28": {
    "indices": {
      "0": -0.6180904522613065,
      "1": 2.457286432160804
    }
  },
  "29": {
    "indices": {
      "0": -0.7185929648241206,
      "1": 1.170854271356784
    }
  },
  "30": {
    "indices": {
      "0": -0.5577889447236181,
      "1": 1.7336683417085426
    }
  },
  "31": {
    "indices": {
      "0": -0.5979899497487438,
      "1": 1.9145728643216082
    }
  },
  "32": {
    "indices": {
      "0": -0.5175879396984925,
      "1": 1.07035175879397
    }
  },
  "33": {
    "indices": {
      "0": -0.4974874371859297,
      "1": 1.412060301507538
    }
  },
  "34": {
    "indices": {
      "0": -0.8391959798994975,
      "1": 1.0904522613065328
    }
  },
  "35": {
    "indices": {
      "0": -0.5376884422110553,
      "1": 1.9145728643216082
    }
  },
  "36": {
    "indices": {
      "0": -0.5979899497487438,
      "1": 2.1557788944723617
    }
  },
  "37": {
    "indices": {
      "0": -0.7185929648241206,
      "1": 1.7939698492462313
    }
  },
  "38": {
    "indices": {
      "0": -0.5577889447236181,
      "1": 1.3316582914572863
    }
  },
  "39": {
    "indices": {
      "0": -0.5979899497487438,
      "1": 1.2512562814070352
    }
  },
  "40": {
    "indices": {
      "0": -0.6180904522613065,
      "1": 1.6733668341708543
    }
  },
  "41": {
    "indices": {
      "0": -0.4974874371859297,
      "1": -1.0
    }
  },
  "42": {
    "indices": {
      "0": -0.7185929648241206,
      "1": 1.9145728643216082
    }
  },
  "43": {
    "indices": {
      "0": -0.6783919597989949,
      "1": 1.150753768844221
    }
  },
  "44": {
    "indices": {
      "0": -0.6783919597989949,
      "1": 1.512562814070352
    }
  },
  "45": {
    "indices": {
      "0": -0.6582914572864322,
      "1": 1.1105527638190953
    }
  },
  "46": {
    "indices": {
      "0": -0.6984924623115578,
      "1": 1.492462311557789
    }
  },
  "47": {
    "indices": {
      "0": -0.6783919597989949,
      "1": 1.3517587939698492
    }
  },
  "48": {
    "indices": {
      "0": -0.5979899497487438,
      "1": 1.512562814070352
    }
  },
  "49": {
    "indices": {
      "0": -0.6180904522613065,
      "1": 2.7185929648241207
    }
  },
  "50": {
    "indices": {
      "0": -0.5175879396984925,
      "1": 1.150753768844221
    }
  },
  "51": {
    "indices": {
      "0": -0.6180904522613065,
      "1": 1.4522613065326633
    }
  },
  "52": {
    "indices": {
      "0": -0.5577889447236181,
      "1": 1.4723618090452262
    }
  },
  "53": {
    "indices": {
      "0": -0.6180904522613065,
      "1": 2.1356783919597992
    }
  },
  "54": {
    "indices": {
      "0": -0.5376884422110553,
      "1": 1.271356783919598
    }
  },
  "55": {
    "indices": {
      "0": -0.5175879396984925,
      "1": 2.1155778894472363
    }
  },
  "56": {
    "indices": {
      "0": -0.6582914572864322,
      "1": 1.6733668341708543
    }
  },
  "57": {
    "indices": {
      "0": -0.6180904522613065,
      "1": 1.1105527638190953
    }
  },
  "58": {
    "indices": {
      "0": -0.5376884422110553,
      "1": 1.150753768844221
    }
  },
  "59": {
    "indices": {
      "0": -0.5175879396984925,
      "1": 2.5175879396984926
    }
  },
  "60": {
    "indices": {
      "0": -0.5778894472361809,
      "1": 1.8944723618090453
    }
  },
  "61": {
    "indices": {
      "0": -0.6381909547738693,
      "1": 1.291457286432161
    }
  },
  "62": {
    "indices": {
      "0": -0.5175879396984925,
      "1": 2.2964824120603016
    }
  },
  "63": {
    "indices": {
      "0": -0.6984924623115578,
      "1": 1.8743718592964824
    }
  },
  "64": {
    "indices": {
      "0": -0.6180904522613065,
      "1": 2.0753768844221105
    }
  },
  "65": {
    "indices": {
      "0": -0.5175879396984925,
      "1": 1.150753768844221
    }
  },
  "66": {
    "indices": {
      "0": -0.5175879396984925,
      "1": 2.035175879396985
    }
  },
  "67": {
    "indices": {
      "0": -0.6180904522613065,
      "1": 2.2160804020100504
    }
  },
  "68": {
    "indices": {
      "0": -0.4974874371859297,
      "1": 1.0904522613065328
    }
  },
  "69": {
    "indices": {
      "0": -0.6381909547738693,
      "1": 1.5326633165829144
    }
  },
  "70": {
    "indices": {
      "0": -0.5778894472361809,
      "1": 1.8743718592964824
    }
  },
  "71": {
    "indices": {
      "0": -0.6783919597989949,
      "1": 1.07035175879397
    }
  },
  "72": {
    "indices": {
      "0": -0.5376884422110553,
      "1": 2.0753768844221105
    }
  },
  "73": {
    "indices": {
      "0": -0.5778894472361809,
      "1": 2.0552763819095476
    }
  },
  "74": {
    "indices": {
      "0": -0.5376884422110553,
      "1": 2.7185929648241207
    }
  },
  "75": {
    "indices": {
      "0": -0.5376884422110553,
      "1": 1.8944723618090453
    }
  },
  "76": {
    "indices": {
      "0": -0.6180904522613065,
      "1": 2.2160804020100504
    }
  },
  "77": {
    "indices": {
      "0": -0.5778894472361809,
      "1": 1.190954773869347
    }
  },
  "78": {
    "indices": {
      "0": -0.6582914572864322,
      "1": 2.2964824120603016
    }
  },
  "79": {
    "indices": {
      "0": -0.5376884422110553,
      "1": 1.8341708542713566
    }
  },